Id,SepalLengthCm,SepalWidthCm,PetalLengthCm,PetalWidthCm,Species
001,5.1,3.5,1.4,0.2,Iris-setosa
002,4.9,3.0,1.4,0.2,Iris-setosa
003,4.7,3.2,1.3,0.2,Iris-setosa
004,4.6,3.1,1.5,0.2,Iris-setosa
005,5.0,3.6,1.4,0.2,Iris-setosa
006,5.4,3.9,1.7,0.4,Iris-setosa
007,4.6,3.4,1.4,0.3,Iris-setosa
008,5.0,3.4,1.5,0.2,Iris-setosa
009,4.4,2.9,1.4,0.2,Iris-setosa
010,4.9,3.1,1.5,0.1,Iris-setosa
011,5.4,3.7,1.5,0.2,Iris-setosa
012,4.8,3.4,1.6,0.2,Iris-setosa
013,4.8,3.0,1.4,0.1,Iris-setosa
014,4.3,3.0,1.1,0.1,Iris-setosa
015,5.8,4.0,1.2,0.2,Iris-setosa
016,5.7,4.4,1.5,0.4,Iris-setosa
017,5.4,3.9,1.3,0.4,Iris-setosa
018,5.1,3.5,1.4,0.3,Iris-setosa
019,5.7,3.8,1.7,0.3,Iris-setosa
020,5.1,3.8,1.5,0.3,Iris-setosa
021,5.4,3.4,1.7,0.2,Iris-setosa
022,5.1,3.7,1.5,0.4,Iris-setosa
023,4.6,3.6,1.0,0.2,Iris-setosa
024,5.1,3.3,1.7,0.5,Iris-setosa
025,4.8,3.4,1.9,0.2,Iris-setosa
026,5.0,3.0,1.6,0.2,Iris-setosa
027,5.0,3.4,1.6,0.4,Iris-setosa
028,5.2,3.5,1.5,0.2,Iris-setosa
029,5.2,3.4,1.4,0.2,Iris-setosa
030,4.7,3.2,1.6,0.2,Iris-setosa
031,4.8,3.1,1.6,0.2,Iris-setosa
032,5.4,3.4,1.5,0.4,Iris-setosa
033,5.2,4.1,1.5,0.1,Iris-setosa
034,5.5,4.2,1.4,0.2,Iris-setosa
035,4.9,3.1,1.5,0.1,Iris-setosa
036,5.0,3.2,1.2,0.2,Iris-setosa
037,5.5,3.5,1.3,0.2,Iris-setosa
038,4.9,3.1,1.5,0.1,Iris-setosa
039,4.4,3.0,1.3,0.2,Iris-setosa
040,5.1,3.4,1.5,0.2,Iris-setosa
041,5.0,3.5,1.3,0.3,Iris-setosa
042,4.5,2.3,1.3,0.3,Iris-setosa
043,4.4,3.2,1.3,0.2,Iris-setosa
044,5.0,3.5,1.6,0.6,Iris-setosa
045,5.1,3.8,1.9,0.4,Iris-setosa
046,4.8,3.0,1.4,0.3,Iris-setosa
047,5.1,3.8,1.6,0.2,Iris-setosa
048,4.6,3.2,1.4,0.2,Iris-setosa
049,5.3,3.7,1.5,0.2,Iris-setosa
050,5.0,3.3,1.4,0.2,Iris-setosa
051,7.0,3.2,4.7,1.4,Iris-versicolor
052,6.4,3.2,4.5,1.5,Iris-versicolor
053,6.9,3.1,4.9,1.5,Iris-versicolor
054,5.5,2.3,4.0,1.3,Iris-versicolor
055,6.5,2.8,4.6,1.5,Iris-versicolor
056,5.7,2.8,4.5,1.3,Iris-versicolor
057,6.3,3.3,4.7,1.6,Iris-versicolor
058,4.9,2.4,3.3,1.0,Iris-versicolor
059,6.6,2.9,4.6,1.3,Iris-versicolor
060,5.2,2.7,3.9,1.4,Iris-versicolor
061,5.0,2.0,3.5,1.0,Iris-versicolor
062,5.9,3.0,4.2,1.5,Iris-versicolor
063,6.0,2.2,4.0,1.0,Iris-versicolor
064,6.1,2.9,4.7,1.4,Iris-versicolor
065,5.6,2.9,3.6,1.3,Iris-versicolor
066,6.7,3.1,4.4,1.4,Iris-versicolor
067,5.6,3.0,4.5,1.5,Iris-versicolor
068,5.8,2.7,4.1,1.0,Iris-versicolor
069,6.2,2.2,4.5,1.5,Iris-versicolor
070,5.6,2.5,3.9,1.1,Iris-versicolor
071,5.9,3.2,4.8,1.8,Iris-versicolor
072,6.1,2.8,4.0,1.3,Iris-versicolor
073,6.3,2.5,4.9,1.5,Iris-versicolor
074,6.1,2.8,4.7,1.2,Iris-versicolor
075,6.4,2.9,4.3,1.3,Iris-versicolor
076,6.6,3.0,4.4,1.4,Iris-versicolor
077,6.8,2.8,4.8,1.4,Iris-versicolor
078,6.7,3.0,5.0,1.7,Iris-versicolor
079,6.0,2.9,4.5,1.5,Iris-versicolor
080,5.7,2.6,3.5,1.0,Iris-versicolor
081,5.5,2.4,3.8,1.1,Iris-versicolor
082,5.5,2.4,3.7,1.0,Iris-versicolor
083,5.8,2.7,3.9,1.2,Iris-versicolor
084,6.0,2.7,5.1,1.6,Iris-versicolor
085,5.4,3.0,4.5,1.5,Iris-versicolor
086,6.0,3.4,4.5,1.6,Iris-versicolor
087,6.7,3.1,4.7,1.5,Iris-versicolor
088,6.3,2.3,4.4,1.3,Iris-versicolor
089,5.6,3.0,4.1,1.3,Iris-versicolor
090,5.5,2.5,4.0,1.3,Iris-versicolor
091,5.5,2.6,4.4,1.2,Iris-versicolor
092,6.1,3.0,4.6,1.4,Iris-versicolor
093,5.8,2.6,4.0,1.2,Iris-versicolor
094,5.0,2.3,3.3,1.0,Iris-versicolor
095,5.6,2.7,4.2,1.3,Iris-versicolor
096,5.7,3.0,4.2,1.2,Iris-versicolor
097,5.7,2.9,4.2,1.3,Iris-versicolor
098,6.2,2.9,4.3,1.3,Iris-versicolor
099,5.1,2.5,3.0,1.1,Iris-versicolor
100,5.7,2.8,4.1,1.3,Iris-versicolor
101,6.3,3.3,6.0,2.5,Iris-virginica
102,5.8,2.7,5.1,1.9,Iris-virginica
103,7.1,3.0,5.9,2.1,Iris-virginica
104,6.3,2.9,5.6,1.8,Iris-virginica
105,6.5,3.0,5.8,2.2,Iris-virginica
106,7.6,3.0,6.6,2.1,Iris-virginica
107,4.9,2.5,4.5,1.7,Iris-virginica
108,7.3,2.9,6.3,1.8,Iris-virginica
109,6.7,2.5,5.8,1.8,Iris-virginica
110,7.2,3.6,6.1,2.5,Iris-virginica
111,6.5,3.2,5.1,2.0,Iris-virginica
112,6.4,2.7,5.3,1.9,Iris-virginica
113,6.8,3.0,5.5,2.1,Iris-virginica
114,5.7,2.5,5.0,2.0,Iris-virginica
115,5.8,2.8,5.1,2.4,Iris-virginica
116,6.4,3.2,5.3,2.3,Iris-virginica
117,6.5,3.0,5.5,1.8,Iris-virginica
118,7.7,3.8,6.7,2.2,Iris-virginica
119,7.7,2.6,6.9,2.3,Iris-virginica
120,6.0,2.2,5.0,1.5,Iris-virginica
121,6.9,3.2,5.7,2.3,Iris-virginica
122,5.6,2.8,4.9,2.0,Iris-virginica
123,7.7,2.8,6.7,2.0,Iris-virginica
124,6.3,2.7,4.9,1.8,Iris-virginica
125,6.7,3.3,5.7,2.1,Iris-virginica
126,7.2,3.2,6.0,1.8,Iris-virginica
127,6.2,2.8,4.8,1.8,Iris-virginica
128,6.1,3.0,4.9,1.8,Iris-virginica
129,6.4,2.8,5.6,2.1,Iris-virginica
130,7.2,3.0,5.8,1.6,Iris-virginica
131,7.4,2.8,6.1,1.9,Iris-virginica
132,7.9,3.8,6.4,2.0,Iris-virginica
133,6.4,2.8,5.6,2.2,Iris-virginica
134,6.3,2.8,5.1,1.5,Iris-virginica
135,6.1,2.6,5.6,1.4,Iris-virginica
136,7.7,3.0,6.1,2.3,Iris-virginica
137,6.3,3.4,5.6,2.4,Iris-virginica
138,6.4,3.1,5.5,1.8,Iris-virginica
139,6.0,3.0,4.8,1.8,Iris-virginica
140,6.9,3.1,5.4,2.1,Iris-virginica
141,6.7,3.1,5.6,2.4,Iris-virginica
142,6.9,3.1,5.1,2.3,Iris-virginica
143,5.8,2.7,5.1,1.9,Iris-virginica
144,6.8,3.2,5.9,2.3,Iris-virginica
145,6.7,3.3,5.7,2.5,Iris-virginica
146,6.7,3.0,5.2,2.3,Iris-virginica
147,6.3,2.5,5.0,1.9,Iris-virginica
148,6.5,3.0,5.2,2.0,Iris-virginica
149,6.2,3.4,5.4,2.3,Iris-virginica
150,5.9,3.0,5.1,1.8,Iris-virginica
